id,revenue
3001,6793933.0
3002,3302447.5
3003,8237006.0
3004,1702051.375
3005,667186.6875
3006,3181043.5
3007,1117150.25
3008,27607508.0
3009,2669556.75
3010,125390336.0
3011,1660555.5
3012,1988602.25
3013,660154.9375
3014,931814.625
3015,14234320.0
3016,654296.4375
3017,198307136.0
3018,195404032.0
3019,17578448.0
3020,84398528.0
3021,3012670.5
3022,17330396.0
3023,7695936.0
3024,89765200.0
3025,9110868.0
3026,137688080.0
3027,35943300.0
3028,17258452.0
3029,1109791.375
3030,37160096.0
3031,1013202.4375
3032,4753190.0
3033,1348772.25
3034,466375.5625
3035,3897146.75
3036,10112587.0
3037,23516060.0
3038,168838016.0
3039,9961276.0
3040,1880871.875
3041,13349532.0
3042,12611390.0
3043,90369728.0
3044,2522048.5
3045,13258178560.0
3046,2968510.25
3047,11892108.0
3048,1567720.5
3049,22971310.0
3050,15033492.0
3051,1008833.75
3052,1804752.125
3053,118360.359375
3054,2884099.0
3055,36954484.0
3056,1770623.25
3057,14065668.0
3058,301787072.0
3059,1072042.75
3060,213780832.0
3061,90622424.0
3062,15282648.0
3063,6497392.0
3064,18803430.0
3065,22912542.0
3066,13279010.0
3067,1537118.0
3068,8976052.0
3069,104237352.0
3070,3600317.5
3071,1131441.5
3072,449969472.0
3073,610808.4375
3074,979632.0
3075,6523805.0
3076,564858752.0
3077,8108630.0
3078,142312608.0
3079,15332048.0
3080,93152688.0
3081,83503920.0
3082,987755.1875
3083,11261971.0
3084,12509238.0
3085,4258335.0
3086,227913840.0
3087,673360.875
3088,138048.046875
3089,610808.4375
3090,14224279.0
3091,16731422.0
3092,763997.375
3093,197688928.0
3094,71484384.0
3095,7877756.0
3096,10299126.0
3097,872542336.0
3098,610808.4375
3099,78806992.0
3100,49471132.0
3101,25563764.0
3102,4172619.5
3103,1825843.125
3104,26068560.0
3105,15494296.0
3106,3700563.0
3107,23435552.0
3108,1157003.25
3109,11174841.0
3110,6335286272.0
3111,8203868.0
3112,1391557.75
3113,1597272.5
3114,3163472.5
3115,23885928.0
3116,39641612.0
3117,1387574.25
3118,1768230.5
3119,392340096.0
3120,33768504.0
3121,5923739.0
3122,1263353.625
3123,8631032.0
3124,1077793.75
3125,977175.25
3126,22877476.0
3127,19285612.0
3128,14841522.0
3129,212420016.0
3130,7238107.0
3131,6053694.0
3132,7850539.0
3133,4286866.0
3134,17648796.0
3135,1317903.75
3136,7582274.0
3137,40870572.0
3138,7752938.5
3139,5742733.5
3140,540628032.0
3141,10558435.0
3142,802526.125
3143,18483154.0
3144,10563270.0
3145,161967520.0
3146,1399384.25
3147,24816552.0
3148,1344693.25
3149,104862112.0
3150,12015364.0
3151,1008833.75
3152,85680688.0
3153,2379106.0
3154,730666.5
3155,1736523.75
3156,3359220.5
3157,29261632.0
3158,79115736.0
3159,24106992.0
3160,19527800.0
3161,1162951.5
3162,3896827.25
3163,34643892.0
3164,2162555.25
3165,576371.9375
3166,3610922.0
3167,113116208.0
3168,1164215.5
3169,61959756.0
3170,5289667.0
3171,4936859.0
3172,2675087.0
3173,1526746.625
3174,2522739.0
3175,4523741.0
3176,26515520.0
3177,9168272.0
3178,1979395.25
3179,1595232.625
3180,1014574.5
3181,931814.625
3182,23509870.0
3183,27287692.0
3184,17568024.0
3185,58012288.0
3186,114353360.0
3187,7400636.5
3188,6456304.0
3189,4911640.5
3190,14226910.0
3191,2645533.0
3192,9908257.0
3193,197636896.0
3194,29954008.0
3195,682957.125
3196,10738052.0
3197,2728938.5
3198,28856420.0
3199,43651544.0
3200,43206644.0
3201,1426835.0
3202,2165568.5
3203,637729.5625
3204,6966643.5
3205,2341716.5
3206,25082612.0
3207,88553720.0
3208,19432718.0
3209,5748459.5
3210,19240708096.0
3211,2079546.375
3212,16687855.0
3213,16309460.0
3214,1095334.625
3215,1582545.25
3216,9259622.0
3217,88037544.0
3218,10686237.0
3219,960753.875
3220,1754207.25
3221,9432910.0
3222,3861969.0
3223,14709014.0
3224,12986875.0
3225,8289845.5
3226,10175604.0
3227,85232944.0
3228,23736872.0
3229,2807777536.0
3230,7586353.5
3231,21807534.0
3232,10609246.0
3233,26723380.0
3234,1498931.0
3235,2529892.25
3236,931814.625
3237,24768036.0
3238,751555.375
3239,668224.0
3240,253336992.0
3241,1587768.25
3242,2552391.0
3243,8616410.0
3244,1230246.625
3245,656946.25
3246,10492687.0
3247,25738722.0
3248,80461936.0
3249,7429637.0
3250,200442752.0
3251,6993643.5
3252,40728396.0
3253,23628324.0
3254,9116100.0
3255,995843.125
3256,6037729.0
3257,72224040.0
3258,9779047.0
3259,10055137.0
3260,1118516.875
3261,136450704.0
3262,106569328.0
3263,1568505.625
3264,1770623.25
3265,118360.359375
3266,174692.1875
3267,35107060.0
3268,118360.359375
3269,476409.28125
3270,15371490.0
3271,1317903.75
3272,24046330.0
3273,13950247.0
3274,113447224.0
3275,3707748.25
3276,869882.0625
3277,18316002.0
3278,171762976.0
3279,11081915.0
3280,165909392.0
3281,2757472.5
3282,6401059.0
3283,3172351488.0
3284,24729280.0
3285,24834498.0
3286,1063190.0
3287,869882.0625
3288,2524021.75
3289,9483476.0
3290,74760968.0
3291,761222.75
3292,116041888.0
3293,2504253.0
3294,4074417.75
3295,7905474.5
3296,1317903.75
3297,842347.875
3298,14476166.0
3299,1362491.625
3300,86080536.0
3301,758618.875
3302,2609520.0
3303,3485682.25
3304,32035044.0
3305,260626560.0
3306,714952.5625
3307,50808400.0
3308,14066688.0
3309,1575899.0
3310,444910.84375
3311,5614504.0
3312,11632525.0
3313,13383925.0
3314,31982968.0
3315,708745728.0
3316,47757940.0
3317,118360.359375
3318,2153315.0
3319,4182017.25
3320,51685452.0
3321,12183599.0
3322,11367545.0
3323,58035860.0
3324,2262602.5
3325,55560604.0
3326,16768898.0
3327,30940770.0
3328,21491318.0
3329,3802069.25
3330,161164144.0
3331,4207496.0
3332,13359415.0
3333,9721434.0
3334,9237220.0
3335,2094078.375
3336,4205378.0
3337,283885.46875
3338,19138924.0
3339,879002.75
3340,49610792.0
3341,13897504.0
3342,8084986.5
3343,16404490.0
3344,1072042.75
3345,2404064.5
3346,26972816.0
3347,482191.9375
3348,5706722.5
3349,1597386.75
3350,71746648.0
3351,3865606.0
3352,2245979.75
3353,61601412.0
3354,3248523.5
3355,9986482.0
3356,7065731.0
3357,1472291.875
3358,56455040.0
3359,19963188.0
3360,21108546.0
3361,783829440.0
3362,4193283.25
3363,901511.5
3364,10316033.0
3365,118360.359375
3366,42294244.0
3367,195354112.0
3368,5572682.0
3369,12674232.0
3370,63929860.0
3371,5499481.0
3372,28642620.0
3373,27731212.0
3374,10559402.0
3375,24055276.0
3376,907027.25
3377,1845907.375
3378,10712726.0
3379,9153001.0
3380,27163636.0
3381,6382029.0
3382,901511.5
3383,940341.75
3384,2968419.5
3385,6837763.0
3386,2297593.25
3387,1386418.125
3388,280513184.0
3389,133524176.0
3390,13750534.0
3391,59499008.0
3392,3539240.5
3393,6844607.0
3394,41296064.0
3395,81806224.0
3396,1771581.0
3397,108783.1875
3398,173483968.0
3399,26587584.0
3400,1626948.75
3401,2630802.0
3402,2227109.75
3403,97437152.0
3404,6957408.0
3405,31105742.0
3406,20484836.0
3407,278518208.0
3408,5807867.5
3409,610808.4375
3410,4060562.0
3411,27347508.0
3412,2938574.5
3413,33272632.0
3414,2396421.25
3415,1229827.875
3416,67384952.0
3417,46304744.0
3418,30813326.0
3419,564358016.0
3420,869882.0625
3421,10829395.0
3422,3522696.5
3423,154205392.0
3424,610808.4375
3425,33216452.0
3426,35488792.0
3427,51267096.0
3428,2072824.25
3429,34568576.0
3430,236092816.0
3431,1325543.5
3432,929493.6875
3433,12529082.0
3434,23336884.0
3435,203444000.0
3436,82905776.0
3437,1475100.0
3438,6386717.5
3439,13043823.0
3440,62202376.0
3441,21858714.0
3442,981605.25
3443,2879328.0
3444,4268805.0
3445,41647984.0
3446,2313079.75
3447,14861238.0
3448,3968584.0
3449,1727094.75
3450,10614853.0
3451,1796667.125
3452,31387520.0
3453,10540728.0
3454,13274326.0
3455,2554146.75
3456,42965200.0
3457,7568973.5
3458,3049820.0
3459,106091312.0
3460,19229964.0
3461,1002096.625
3462,3360636.75
3463,62515904.0
3464,891817.0
3465,30880398.0
3466,16522277.0
3467,9498718.0
3468,15971631.0
3469,1273169.875
3470,654296.4375
3471,25943216.0
3472,1073684.0
3473,43331096.0
3474,3032870.0
3475,193381120.0
3476,8029110.0
3477,5663263.0
3478,52586368.0
3479,229961344.0
3480,13563870.0
3481,3306708.5
3482,610808.4375
3483,1571038.625
3484,5443913.0
3485,57377228.0
3486,92104840.0
3487,5404021.0
3488,42694964.0
3489,35546712.0
3490,37365496.0
3491,9339244.0
3492,12588751.0
3493,2638505.75
3494,1272171.0
3495,133809720.0
3496,13889580.0
3497,130259296.0
3498,25658384.0
3499,2324674.5
3500,2100242.25
3501,109692256.0
3502,49844784.0
3503,23646674.0
3504,4226607.0
3505,1377815.0
3506,74244992.0
3507,316541728.0
3508,7428680.5
3509,2757433.0
3510,35500096.0
3511,13804194.0
3512,33984900.0
3513,13140286.0
3514,979556.375
3515,869882.0625
3516,7609533.5
3517,10365536256.0
3518,6950140.0
3519,2510314.5
3520,664313.125
3521,1031258.625
3522,9610851.0
3523,19173452.0
3524,174899328.0
3525,221797568.0
3526,1756043.5
3527,17249270.0
3528,610808.4375
3529,214667904.0
3530,2071527.875
3531,268033344.0
3532,39514716.0
3533,20609068.0
3534,40750312.0
3535,107341272.0
3536,1072042.75
3537,78217728.0
3538,16457548.0
3539,81235272.0
3540,27483780.0
3541,2736658.0
3542,14947801.0
3543,2834082.75
3544,1259269.75
3545,610808.4375
3546,1374163.0
3547,65367820.0
3548,80108960.0
3549,10343558.0
3550,115755176.0
3551,14777459.0
3552,15239771.0
3553,699312448.0
3554,73489264.0
3555,138006224.0
3556,30553014.0
3557,5711318.0
3558,53535552.0
3559,1420273.75
3560,6278610.5
3561,98321688.0
3562,1310300.375
3563,1317903.75
3564,887121.875
3565,4286866.0
3566,45664392.0
3567,986220.9375
3568,5541932.0
3569,43652044.0
3570,1472432.25
3571,53111232.0
3572,113303632.0
3573,752309.0
3574,44200648.0
3575,2473930.5
3576,51782152.0
3577,1460645.0
3578,20732078.0
3579,39134140.0
3580,65327808.0
3581,4947827.0
3582,40671728.0
3583,654296.4375
3584,9178596.0
3585,12739670.0
3586,1205393.5
3587,14430239.0
3588,2016249.875
3589,11993040.0
3590,5600888.0
3591,371220736.0
3592,610808.4375
3593,2859251.5
3594,18490700.0
3595,32489166.0
3596,720351.8125
3597,1407566.25
3598,20465700.0
3599,4167711.75
3600,5210589.0
3601,1135068.5
3602,1180918.5
3603,1841792.625
3604,12017702.0
3605,27292638.0
3606,1403539.5
3607,55024856.0
3608,806246656.0
3609,3182038.5
3610,15159033.0
3611,14061618.0
3612,12730028.0
3613,1099936.25
3614,116691320.0
3615,14884187.0
3616,2605069.25
3617,19064164.0
3618,263717360.0
3619,4209651.0
3620,75452456.0
3621,653830656.0
3622,121977200.0
3623,231308320.0
3624,994187.3125
3625,11862680.0
3626,11297706.0
3627,18600640.0
3628,152035184.0
3629,870972.875
3630,282097.78125
3631,90900272.0
3632,1756318.125
3633,52813836.0
3634,783370.625
3635,5170799.5
3636,10254610.0
3637,4753190.0
3638,11745986.0
3639,175860704.0
3640,1211127808.0
3641,1153385.375
3642,3281135.0
3643,11579442.0
3644,993731.3125
3645,39767248.0
3646,11288358.0
3647,320251.375
3648,3669615.5
3649,45341708.0
3650,3263509.0
3651,938940864.0
3652,1946308.0
3653,220657856.0
3654,5529942.5
3655,3586924.0
3656,14274777.0
3657,610808.4375
3658,1568505.625
3659,21374850.0
3660,31684238.0
3661,1218028.5
3662,41630988.0
3663,329138112.0
3664,610808.4375
3665,5554451.0
3666,21759214.0
3667,48303388.0
3668,6581484.0
3669,1544126.25
3670,12390248.0
3671,9609605.0
3672,4566335.5
3673,67415808.0
3674,31848434.0
3675,222601536.0
3676,7489772.5
3677,610808.4375
3678,15287925.0
3679,75347616.0
3680,2884099.0
3681,15114283.0
3682,60093212.0
3683,6192120.0
3684,37784540.0
3685,245830832.0
3686,16841016.0
3687,92038808.0
3688,4885316.5
3689,945724.3125
3690,99817664.0
3691,2400291.25
3692,2240332.25
3693,140081136.0
3694,13900260.0
3695,8080330.5
3696,37338924.0
3697,1514536.0
3698,58093340.0
3699,654296.4375
3700,99248696.0
3701,31306088.0
3702,1317903.75
3703,45667352.0
3704,51976888.0
3705,1257334.25
3706,24441876.0
3707,126787.375
3708,2629375.0
3709,783781632.0
3710,51157304.0
3711,27391620.0
3712,7660751.0
3713,2394347.0
3714,6104887.5
3715,47686760.0
3716,8078851.0
3717,654296.4375
3718,13274326.0
3719,56720016.0
3720,56733972.0
3721,146541.390625
3722,13135976.0
3723,290792.3125
3724,8169694.5
3725,1460645.0
3726,3339340.25
3727,131025024.0
3728,38680868.0
3729,1653047.0
3730,33166628.0
3731,40150072.0
3732,4374928.5
3733,141141856.0
3734,494650240.0
3735,1109571.25
3736,20771262.0
3737,10865976.0
3738,1072042.75
3739,3668100.5
3740,869882.0625
3741,11148655.0
3742,3089295.0
3743,62602652.0
3744,301317760.0
3745,51871416.0
3746,233417040.0
3747,709302.125
3748,712407.6875
3749,27253676.0
3750,4369599.5
3751,16303053.0
3752,1922442.5
3753,1291348.625
3754,10035957.0
3755,36097060.0
3756,2758987.5
3757,266795440.0
3758,103894368.0
3759,2215520.0
3760,34110364.0
3761,3983972.0
3762,44305564.0
3763,10345768.0
3764,20491558.0
3765,2366912.5
3766,2810671.0
3767,33153282.0
3768,8783136.0
3769,3094762.0
3770,29116880.0
3771,17531304.0
3772,1403539.5
3773,11758808.0
3774,33583196.0
3775,148958400.0
3776,32189330.0
3777,1281760.0
3778,1964195.75
3779,6909917.5
3780,1180918.5
3781,13274807.0
3782,10512920.0
3783,1752229.25
3784,1126831.625
3785,1068296768.0
3786,2703341.25
3787,27912006.0
3788,77844456.0
3789,16886304.0
3790,5435275.5
3791,8771200.0
3792,595027.0625
3793,1925152.375
3794,1381790.25
3795,1555747840.0
3796,1986515.25
3797,5604308.0
3798,31964488.0
3799,5377775.5
3800,1245402.75
3801,4971381.5
3802,481323.625
3803,42308688.0
3804,1316577.125
3805,1856728.375
3806,38954220.0
3807,2695587.25
3808,386816.875
3809,12016074.0
3810,617213.3125
3811,8484346.0
3812,2323475.25
3813,610808.4375
3814,139587.4375
3815,77995904.0
3816,29213506.0
3817,144942992.0
3818,100057648.0
3819,31826512.0
3820,15258823.0
3821,4452252.0
3822,13203446.0
3823,1805146.25
3824,3658301.25
3825,19258520.0
3826,67637728.0
3827,220976256.0
3828,1066344.875
3829,610808.4375
3830,30666512.0
3831,869882.0625
3832,1353819264.0
3833,34010448.0
3834,1983940.5
3835,7414885.5
3836,538600.1875
3837,1290922.625
3838,1523269.25
3839,2675400.75
3840,74286496.0
3841,2492561.25
3842,1426437.75
3843,3985556.75
3844,6230540.0
3845,954772.0625
3846,118360.359375
3847,610808.4375
3848,4885055.5
3849,87025816.0
3850,2787035.5
3851,9318195.0
3852,1317903.75
3853,6767265.0
3854,1526746.625
3855,1305315.25
3856,63412516.0
3857,14987655.0
3858,1305315.25
3859,28978702.0
3860,25640820.0
3861,17813190.0
3862,4109265.0
3863,24029732.0
3864,20605138.0
3865,70764712.0
3866,20970580.0
3867,9654321.0
3868,370779.375
3869,106887512.0
3870,18550400.0
3871,7500742656.0
3872,1347469.875
3873,5398180.0
3874,1015434.0625
3875,9891150.0
3876,9681022.0
3877,41838432.0
3878,57749868.0
3879,800781440.0
3880,12401290.0
3881,138048.046875
3882,1118516.875
3883,2191668.0
3884,130093440.0
3885,3799510.25
3886,7176631.0
3887,19089452.0
3888,5989521.0
3889,4004003.5
3890,360650080.0
3891,1963897.875
3892,25998398.0
3893,142118400.0
3894,11189451.0
3895,199325696.0
3896,43588312.0
3897,35757108.0
3898,16849788.0
3899,612525376.0
3900,29378624.0
3901,1041697.6875
3902,2227498.5
3903,6014305.0
3904,6420231.5
3905,730575.1875
3906,49470944.0
3907,5318809.0
3908,69852024.0
3909,1018198.6875
3910,19663286.0
3911,610808.4375
3912,19600752.0
3913,26075970.0
3914,60000560.0
3915,113946216.0
3916,126787.375
3917,2131669.0
3918,22262264.0
3919,233592064.0
3920,28519146.0
3921,4181498.75
3922,6655141.0
3923,12184854.0
3924,91423816.0
3925,211512784.0
3926,6196066.0
3927,74868568.0
3928,8292787.0
3929,18860288.0
3930,1441840.625
3931,1263048.75
3932,12398144.0
3933,23538092.0
3934,37739524.0
3935,610808.4375
3936,8992365.0
3937,370551552.0
3938,9349332.0
3939,30356678.0
3940,610808.4375
3941,10959557.0
3942,361668896.0
3943,243582560.0
3944,65239028.0
3945,82141760.0
3946,7584834.5
3947,24844920.0
3948,7979150.0
3949,4229171.5
3950,610808.4375
3951,48466736.0
3952,42844168.0
3953,76683936.0
3954,462608032.0
3955,6835187.5
3956,167788256.0
3957,1705107.375
3958,1114112.625
3959,32223916.0
3960,5935014.5
3961,84111344.0
3962,1332146.125
3963,1491150.5
3964,2196070400.0
3965,115061568.0
3966,1910105.125
3967,87218416.0
3968,122480536.0
3969,23346722.0
3970,35440764.0
3971,13627090.0
3972,53077208.0
3973,42976016.0
3974,752309.0
3975,43054124.0
3976,62710568.0
3977,39895336.0
3978,108949328.0
3979,7696927.0
3980,591928.875
3981,610808.4375
3982,1300547.5
3983,31991204.0
3984,74597736.0
3985,730575.1875
3986,184639616.0
3987,96163216.0
3988,16257345.0
3989,2810341.25
3990,6977528.0
3991,610808.4375
3992,1341825.0
3993,28820392.0
3994,71886640.0
3995,50257472.0
3996,12563637.0
3997,7633148.0
3998,1106866176.0
3999,19236274.0
4000,32686948.0
4001,3329955.5
4002,2995798.25
4003,109171.78125
4004,49502564.0
4005,4760471.0
4006,26127498.0
4007,674605.9375
4008,32929746.0
4009,57213960.0
4010,5457891.0
4011,3017910.0
4012,56996668.0
4013,37605228.0
4014,118360.359375
4015,46551012.0
4016,10034541.0
4017,11529590.0
4018,38930004.0
4019,91577048.0
4020,2730581.25
4021,63159752.0
4022,10865271.0
4023,133134072.0
4024,12630022.0
4025,610808.4375
4026,47149536.0
4027,57018520.0
4028,5543814.0
4029,2932390.5
4030,46525272.0
4031,4793577.0
4032,807832.9375
4033,1095045.375
4034,1138232.75
4035,9521864.0
4036,11568205.0
4037,2120610.25
4038,1734951.125
4039,18355870.0
4040,654296.4375
4041,4286866.0
4042,18220634.0
4043,7850374.5
4044,40887416.0
4045,2357736.5
4046,654296.4375
4047,57679088.0
4048,2400573.0
4049,1061887.875
4050,3451307.75
4051,214003584.0
4052,3565200.0
4053,2464346.75
4054,901511.5
4055,2087470.5
4056,4740840.0
4057,134439.25
4058,17230758.0
4059,5929199.0
4060,32892772.0
4061,203749232.0
4062,3289334.25
4063,1032591.125
4064,2256073984.0
4065,54735328.0
4066,6503138.5
4067,28870736.0
4068,2081518.625
4069,16917576.0
4070,5929199.0
4071,6272129.0
4072,8566969.0
4073,143680144.0
4074,4753190.0
4075,2183421.25
4076,1604192.5
4077,51053688.0
4078,3165594.0
4079,16025826.0
4080,13179141.0
4081,5755892.5
4082,141721824.0
4083,85692624.0
4084,869882.0625
4085,1574344.25
4086,219339008.0
4087,8980128.0
4088,40826472.0
4089,24787932.0
4090,2884099.0
4091,846825.375
4092,19452782.0
4093,27727616.0
4094,22270928.0
4095,94532144.0
4096,3275176.25
4097,86375096.0
4098,25861402.0
4099,3550085.0
4100,40633192.0
4101,9711037.0
4102,1216752.5
4103,9495766.0
4104,2250866.5
4105,1386418.125
4106,119601.484375
4107,4805904.0
4108,35969364.0
4109,504908.46875
4110,33333548.0
4111,6503138.5
4112,17731700.0
4113,4813105.0
4114,110619872.0
4115,5354690.0
4116,23513412.0
4117,9466940.0
4118,77619248.0
4119,31503156.0
4120,610808.4375
4121,12565506.0
4122,103074256.0
4123,3194492.75
4124,60824540.0
4125,2948385.25
4126,4742621.5
4127,3912993.0
4128,18456628.0
4129,4658175.0
4130,1846541.25
4131,165600192.0
4132,8301301.0
4133,72536320.0
4134,32858348.0
4135,14244016.0
4136,191830112.0
4137,12379712.0
4138,7188981.5
4139,38473080.0
4140,1470208.25
4141,3529691.0
4142,103241296.0
4143,22826002.0
4144,700639.5
4145,3342399.0
4146,1148117.625
4147,1275700.375
4148,24959388.0
4149,5298224.5
4150,1047236.875
4151,5788613.5
4152,6312954.0
4153,24984204.0
4154,5673355.5
4155,3381056.5
4156,10651562.0
4157,1338204.5
4158,3228368.5
4159,38259112.0
4160,75879360.0
4161,5479582.0
4162,7387154.0
4163,228717296.0
4164,7560230.0
4165,5159056.5
4166,2977489.5
4167,8174285.0
4168,420760.90625
4169,4314205.0
4170,4997917.0
4171,127845880.0
4172,26784054.0
4173,1411438.875
4174,45267912.0
4175,9237220.0
4176,38759228.0
4177,2514164.5
4178,169740512.0
4179,855704.3125
4180,157042704.0
4181,14816802.0
4182,4286866.0
4183,7494216.5
4184,11081915.0
4185,2232532.5
4186,1289144.875
4187,33628452.0
4188,5443913.0
4189,3303877.75
4190,574608.5
4191,858618.5
4192,1317903.75
4193,41195052.0
4194,18138938.0
4195,12226106.0
4196,9540716.0
4197,18066740.0
4198,6769247.0
4199,9864980.0
4200,38340856.0
4201,17016830.0
4202,4309965.0
4203,10402556.0
4204,45245468.0
4205,617213.3125
4206,15042843.0
4207,586877504.0
4208,210173216.0
4209,2466606.25
4210,34218668.0
4211,5794473.5
4212,29897500.0
4213,2044671.875
4214,52615360.0
4215,1103385.5
4216,610808.4375
4217,6708566.0
4218,159655792.0
4219,10104104.0
4220,12630022.0
4221,3429472.75
4222,852407.25
4223,189483152.0
4224,1378789.0
4225,5359436.0
4226,45031696.0
4227,21165230.0
4228,118360.359375
4229,31433472.0
4230,45855448.0
4231,525568.3125
4232,33550802.0
4233,52693900.0
4234,2533272.25
4235,2290786.75
4236,1465170.75
4237,11852028.0
4238,9001787.0
4239,13300278.0
4240,44319424.0
4241,144942992.0
4242,7258651.0
4243,661156.75
4244,209964064.0
4245,5671597.0
4246,1250786.25
4247,47056460.0
4248,1568505.625
4249,20307326.0
4250,1961947.25
4251,3091564.5
4252,13108694.0
4253,28473598.0
4254,65672620.0
4255,43444968.0
4256,105987960.0
4257,63015476.0
4258,60597116.0
4259,1627510.5
4260,240131136.0
4261,1236389.875
4262,13786354.0
4263,1881950.25
4264,333972032.0
4265,126708312.0
4266,120426280.0
4267,13965395.0
4268,1180918.5
4269,9412260.0
4270,71252560.0
4271,199030144.0
4272,2596517.25
4273,17934694.0
4274,62812560.0
4275,9095588.0
4276,7333925.0
4277,218171984.0
4278,9833794.0
4279,4736321.0
4280,374506.5625
4281,6703661.0
4282,11862680.0
4283,132445.09375
4284,4753190.0
4285,725539.25
4286,343116192.0
4287,1931544.75
4288,13395213.0
4289,118050400.0
4290,31078818.0
4291,9551696.0
4292,3207892.0
4293,4541732.5
4294,291707040.0
4295,74163616.0
4296,15504909.0
4297,90465960.0
4298,17639744.0
4299,16555020.0
4300,17448506.0
4301,21945188.0
4302,2667083.25
4303,960753.875
4304,5356115.0
4305,3184364.0
4306,9776958.0
4307,869882.0625
4308,281258.84375
4309,23311348.0
4310,5551025.0
4311,3815174.25
4312,22192228.0
4313,358267584.0
4314,10918433.0
4315,98422632.0
4316,33529818.0
4317,1676843.25
4318,52587772.0
4319,2463381.0
4320,2946749.25
4321,20254098.0
4322,3228368.5
4323,1378566.75
4324,681540.0
4325,1878391.0
4326,46904304.0
4327,19758288.0
4328,1789705.25
4329,93269.0625
4330,108569712.0
4331,21633658.0
4332,34833920.0
4333,1134595.625
4334,4152532.5
4335,101705072.0
4336,6856772.0
4337,610808.4375
4338,240968928.0
4339,3323426.5
4340,3365524.5
4341,1318694.5
4342,4458417.5
4343,8562746.0
4344,1526746.625
4345,1218745.375
4346,21624954.0
4347,46718144.0
4348,3272113.5
4349,22015914.0
4350,13116197.0
4351,1521100.5
4352,5551025.0
4353,25648402.0
4354,5603971.0
4355,10626622.0
4356,9281141.0
4357,1924653.0
4358,4796517.5
4359,49145072.0
4360,12473024.0
4361,6176396.0
4362,1095334.625
4363,35682640.0
4364,15949651.0
4365,12729833.0
4366,19633118.0
4367,30318718.0
4368,3199883.5
4369,9986482.0
4370,41545876.0
4371,5021513.5
4372,16059331.0
4373,19773670.0
4374,11499327.0
4375,7067456.5
4376,118360.359375
4377,20083068.0
4378,14679893.0
4379,2592513.75
4380,14320236.0
4381,185983088.0
4382,394847488.0
4383,57847984.0
4384,20103420.0
4385,3000576.0
4386,137109184.0
4387,61209408.0
4388,2936493.0
4389,82634240.0
4390,8828409.0
4391,1072042.75
4392,128288744.0
4393,25948164.0
4394,5535113.0
4395,9849732.0
4396,99628024.0
4397,8631032.0
4398,6874326.0
4399,2219212.25
4400,2953084.75
4401,50052184.0
4402,2444695.75
4403,616154.6875
4404,107084424.0
4405,317522.875
4406,1274641.125
4407,1180918.5
4408,1538327.875
4409,870594.125
4410,25830394.0
4411,57617180.0
4412,8546128.0
4413,7494216.5
4414,38632280.0
4415,21242598.0
4416,2390128.75
4417,108976968.0
4418,2262602.5
4419,40338980.0
4420,414608000.0
4421,3274501.75
4422,610808.4375
4423,8504468.0
4424,2898083.25
4425,2467366.25
4426,8153512.5
4427,60968684.0
4428,12804641.0
4429,610808.4375
4430,1220322.5
4431,610808.4375
4432,60677496.0
4433,25779992.0
4434,128976944.0
4435,11081915.0
4436,140738880.0
4437,869882.0625
4438,8766650.0
4439,4722069.0
4440,2284778.0
4441,12108354.0
4442,1010377.125
4443,3565200.0
4444,795406.5
4445,6957408.0
4446,738231.75
4447,57234372.0
4448,13413135.0
4449,2838797.5
4450,61516404.0
4451,130246376.0
4452,5745965.5
4453,646164.4375
4454,1118339.75
4455,1423271.625
4456,29588776.0
4457,1072042.75
4458,4244857.5
4459,8995213.0
4460,37804724.0
4461,21072584.0
4462,84561104.0
4463,3415291.5
4464,11338442.0
4465,846825.375
4466,2257320.0
4467,8379992.0
4468,940007.3125
4469,20221982.0
4470,1629417.625
4471,2290985.5
4472,34067840.0
4473,34798460.0
4474,1655336.125
4475,1244972.75
4476,118360.359375
4477,14049608.0
4478,2433328.5
4479,1165288.5
4480,35355088.0
4481,913972.0625
4482,610808.4375
4483,1331723.125
4484,506308.75
4485,5514748.5
4486,31558364.0
4487,654296.4375
4488,49213640.0
4489,36009864.0
4490,1377122.625
4491,143259552.0
4492,12178650.0
4493,4180079.25
4494,33546450.0
4495,1607103.5
4496,18860288.0
4497,8068764.5
4498,869882.0625
4499,1119122.875
4500,16088488.0
4501,51320808.0
4502,1180918.5
4503,245355376.0
4504,43713280.0
4505,913319.4375
4506,11769376.0
4507,2223054.75
4508,2194985.5
4509,1403539.5
4510,10672060.0
4511,29368148.0
4512,10788822.0
4513,83446440.0
4514,86863968.0
4515,110240312.0
4516,3433468.5
4517,1918120.625
4518,69843232.0
4519,3761072.25
4520,5003415.5
4521,1608966.75
4522,372960960.0
4523,5743632.0
4524,5448057.5
4525,5984268.0
4526,3794788.25
4527,1954939.625
4528,6710044.0
4529,28462468.0
4530,4466950.5
4531,2804304.0
4532,1462367.75
4533,21261932.0
4534,869882.0625
4535,56301592.0
4536,42321196.0
4537,5280091.0
4538,1518462.5
4539,14462754.0
4540,95079504.0
4541,1025212.25
4542,33209230.0
4543,3548436.5
4544,11608278.0
4545,394734.4375
4546,135110.171875
4547,1538932.375
4548,1605649.625
4549,12017702.0
4550,26212704.0
4551,586568640.0
4552,19434610.0
4553,6595565.0
4554,88498848.0
4555,2287780.5
4556,2721399.0
4557,1164393.125
4558,2594334.0
4559,18590956.0
4560,81195304.0
4561,4860227.0
4562,708051.125
4563,106204080.0
4564,1991293.25
4565,1496644.25
4566,11918472.0
4567,31422682.0
4568,15226319.0
4569,9659294.0
4570,5443913.0
4571,610808.4375
4572,10665406.0
4573,8224549.0
4574,2117110.5
4575,1422232.25
4576,709302.125
4577,22793850.0
4578,15537296.0
4579,1008833.75
4580,66795552.0
4581,8789404.0
4582,33091244.0
4583,30950628.0
4584,1836669.125
4585,27094712.0
4586,13052185.0
4587,58353980.0
4588,53702456.0
4589,610808.4375
4590,12030816256.0
4591,12635154.0
4592,11830572.0
4593,800661.625
4594,10073450.0
4595,5764319.0
4596,199271344.0
4597,1663295.75
4598,106798048.0
4599,12017702.0
4600,42816800.0
4601,29436958.0
4602,153037456.0
4603,19970538.0
4604,1460645.0
4605,2418558.75
4606,15546249.0
4607,82792792.0
4608,2592078.5
4609,869882.0625
4610,43546348.0
4611,54149668.0
4612,5093907.0
4613,16249439.0
4614,15539489.0
4615,32157236.0
4616,1072042.75
4617,3330848.0
4618,3293103.75
4619,2868931.5
4620,11269750.0
4621,21504808.0
4622,22993578.0
4623,14071223.0
4624,1681803.25
4625,11514580.0
4626,8590843.0
4627,14048616.0
4628,34287332.0
4629,4891442.5
4630,2844331.25
4631,22324516.0
4632,4970210.5
4633,1227873.125
4634,118360.359375
4635,118360.359375
4636,22129544.0
4637,5751322.0
4638,610808.4375
4639,118360.359375
4640,1038625.5625
4641,4760471.0
4642,9349332.0
4643,20652906.0
4644,1870786.0
4645,4286857.5
4646,732801920.0
4647,2268035.75
4648,701109.375
4649,18860288.0
4650,111036720.0
4651,8083066.5
4652,5352704.0
4653,2753034.5
4654,6376006.5
4655,13133420.0
4656,1143369.0
4657,2284778.0
4658,105100592.0
4659,2128175.25
4660,7207021.5
4661,24865780.0
4662,7544456.5
4663,5169143.0
4664,33293518.0
4665,26360710.0
4666,10046204.0
4667,87230560.0
4668,8980128.0
4669,612805.0
4670,42976756.0
4671,52994360.0
4672,2291169.0
4673,6769247.0
4674,16399454.0
4675,6026414.0
4676,56335968.0
4677,307546.25
4678,3821772.75
4679,208005.796875
4680,481323.625
4681,25176316.0
4682,10364689.0
4683,12531567.0
4684,959804.1875
4685,27119012.0
4686,63446392.0
4687,7440677.5
4688,4709476.5
4689,39318640.0
4690,1260276.625
4691,12993218.0
4692,12471026.0
4693,3753504.5
4694,75363280.0
4695,18338478.0
4696,29416864.0
4697,52878852.0
4698,2502474.5
4699,7299246.0
4700,62281920.0
4701,367009280.0
4702,1789067.0
4703,38252688.0
4704,34008504.0
4705,27277076.0
4706,7625857.5
4707,1217043.75
4708,12854757.0
4709,974087.125
4710,151938928.0
4711,8758578.0
4712,736943.0625
4713,288261248.0
4714,5694903.0
4715,1053184.125
4716,869882.0625
4717,43611848.0
4718,7428560.0
4719,68170816.0
4720,2081518.625
4721,949348.8125
4722,54899896.0
4723,11798258.0
4724,35017648.0
4725,201650672.0
4726,30641896.0
4727,2294724.75
4728,977964.875
4729,31103368.0
4730,654296.4375
4731,11993246.0
4732,205702016.0
4733,2143139.0
4734,110805272.0
4735,9337980.0
4736,42852828.0
4737,20414278.0
4738,65067164.0
4739,16767075.0
4740,59047468.0
4741,119601.484375
4742,60892560.0
4743,221634.890625
4744,2898647.0
4745,21515968.0
4746,40105604.0
4747,30512888.0
4748,37773876.0
4749,12188573.0
4750,747867.5
4751,9235423.0
4752,16789316.0
4753,979556.375
4754,9208069120.0
4755,27877370.0
4756,16429635.0
4757,47726068.0
4758,103038872.0
4759,118333096.0
4760,18021138.0
4761,994037.5
4762,5955812.0
4763,1403539.5
4764,183289424.0
4765,17057548.0
4766,224160064.0
4767,3303027.25
4768,6195368.5
4769,28392630.0
4770,70201568.0
4771,83710432.0
4772,610808.4375
4773,18078840.0
4774,22744776.0
4775,1001655.1875
4776,4286866.0
4777,153648448.0
4778,16713210.0
4779,1537118.0
4780,21614562.0
4781,901511.5
4782,2904283.5
4783,39900284.0
4784,1226122.5
4785,5383790.0
4786,21135498.0
4787,90956808.0
4788,2159379.5
4789,1019411.25
4790,62154228.0
4791,7671110.0
4792,11074308.0
4793,2636792.75
4794,2165568.5
4795,12713552.0
4796,8940154.0
4797,879999872.0
4798,120828224.0
4799,33546066.0
4800,6481221.0
4801,914147.25
4802,13509288.0
4803,445280.125
4804,4054409.25
4805,118360.359375
4806,1080659.125
4807,1856728.375
4808,5794490.0
4809,79280544.0
4810,1865685.0
4811,6589491.5
4812,9573638.0
4813,2570536.0
4814,818608.25
4815,16617723.0
4816,7541917.0
4817,5605633.5
4818,9974337.0
4819,7850539.0
4820,19009408.0
4821,8523671.0
4822,1856728.375
4823,2165868.0
4824,164319936.0
4825,246831120.0
4826,1407075.0
4827,9318888.0
4828,1590898.25
4829,8472823.0
4830,1072826.25
4831,610808.4375
4832,2884099.0
4833,17504106.0
4834,8909887.0
4835,30565546.0
4836,1071237.5
4837,1123769344.0
4838,37812152.0
4839,765192.5
4840,1362328448.0
4841,610808.4375
4842,3827806.0
4843,77783456.0
4844,641767.25
4845,9196593.0
4846,1335836.75
4847,213021728.0
4848,15304000.0
4849,93541008.0
4850,46717344.0
4851,654296.4375
4852,29554370.0
4853,2685411.0
4854,10989742.0
4855,42324104.0
4856,30636112.0
4857,610808.4375
4858,10399938.0
4859,1011042.25
4860,118693864.0
4861,1042811520.0
4862,42209064.0
4863,87934000.0
4864,2129746.75
4865,29049648.0
4866,19891884.0
4867,33326428.0
4868,119601.484375
4869,677966.8125
4870,2095928.5
4871,64026020.0
4872,118360.359375
4873,2455942.75
4874,38180088.0
4875,14113908.0
4876,90461472.0
4877,5443913.0
4878,6201161.5
4879,1856517.75
4880,14321630.0
4881,2390381.75
4882,3736557.5
4883,2220008.0
4884,20405830.0
4885,610808.4375
4886,29916782.0
4887,1913996.5
4888,1218745.375
4889,4191588.0
4890,200674192.0
4891,1942176.875
4892,5551025.0
4893,16067420.0
4894,12230304.0
4895,6853830.0
4896,89556904.0
4897,1381363.375
4898,388820128.0
4899,324842880.0
4900,127092192.0
4901,118716736.0
4902,869882.0625
4903,4942794.5
4904,150142736.0
4905,3223277.0
4906,654296.4375
4907,71839624.0
4908,1008833.75
4909,50665272.0
4910,43341344.0
4911,16044146.0
4912,9755071.0
4913,1562307.125
4914,28658138.0
4915,16242622.0
4916,1844385.25
4917,33181878.0
4918,101637784.0
4919,14931872.0
4920,5938298.0
4921,2764360.5
4922,24340456.0
4923,1279149.25
4924,90308040.0
4925,324262208.0
4926,2357520.5
4927,38755012.0
4928,3099405.0
4929,1566956.75
4930,21999668.0
4931,4192231.75
4932,4849333.0
4933,173332480.0
4934,2265798.25
4935,213296560.0
4936,1336422.875
4937,967932.75
4938,42773536.0
4939,575449.75
4940,1960998.875
4941,16663968.0
4942,3597969.5
4943,14145034.0
4944,52138636.0
4945,2728290.5
4946,4905606.5
4947,3663465.0
4948,798347.5625
4949,1310270.375
4950,52619676.0
4951,178892304.0
4952,1889229.5
4953,3145620.5
4954,10470396.0
4955,1394148.0
4956,735229.5
4957,1806832.5
4958,6060291.0
4959,9896226.0
4960,1681803.25
4961,48777040.0
4962,38346632.0
4963,4367262.0
4964,991065.25
4965,1072042.75
4966,4649538.5
4967,11745986.0
4968,21554374.0
4969,118360.359375
4970,869882.0625
4971,21006288.0
4972,1748181.75
4973,1180918.5
4974,26396936.0
4975,2257492.0
4976,617213.3125
4977,24153340.0
4978,8631032.0
4979,775440.4375
4980,2089599.75
4981,5664235.0
4982,21866512.0
4983,1411803.75
4984,17569464.0
4985,284122560.0
4986,1317903.75
4987,2120133.0
4988,1538932.375
4989,5672592.5
4990,146215.578125
4991,16415414.0
4992,1328302720.0
4993,4280909.0
4994,16354567.0
4995,1180918.5
4996,2345203.0
4997,27631162.0
4998,11048464.0
4999,62929836.0
5000,223348768.0
5001,402214528.0
5002,10428024.0
5003,46301388.0
5004,2418471.0
5005,17061290.0
5006,27054792.0
5007,49517200.0
5008,25765392.0
5009,52846688.0
5010,4753190.0
5011,1417340.25
5012,37968760.0
5013,6907170.0
5014,245287056.0
5015,24560996.0
5016,21716880.0
5017,3297811.75
5018,2842951.0
5019,13445948.0
5020,1244972.75
5021,358339.15625
5022,24601316.0
5023,1926041.25
5024,27882476.0
5025,610808.4375
5026,14738501.0
5027,54711528.0
5028,104219856.0
5029,2246832.5
5030,21158408.0
5031,1072042.75
5032,327836800.0
5033,5540521.0
5034,1505716.5
5035,1185322.25
5036,67774480.0
5037,2396576.75
5038,265722864.0
5039,138048.046875
5040,3002554.0
5041,20285104.0
5042,11313210.0
5043,17007000.0
5044,12754453.0
5045,1782245.0
5046,36130672.0
5047,711533.1875
5048,4283702.5
5049,1428256.25
5050,610808.4375
5051,194528288.0
5052,193899664.0
5053,32777286.0
5054,28181512.0
5055,5929199.0
5056,21729726.0
5057,2375662.0
5058,3728448.75
5059,9799623.0
5060,31673844.0
5061,2753378.25
5062,3594255.5
5063,770231.125
5064,270962752.0
5065,1362025.25
5066,12734909.0
5067,4027302.75
5068,1660147.0
5069,223031616.0
5070,2991464.5
5071,30400830.0
5072,112185848.0
5073,40107592.0
5074,3307913.25
5075,6835598.0
5076,15862550.0
5077,27158610.0
5078,8112590.5
5079,34931860.0
5080,657730624.0
5081,60154108.0
5082,11712228.0
5083,1894320.75
5084,50224512.0
5085,2463381.0
5086,24909168.0
5087,7184766.0
5088,5603474.0
5089,1338151.0
5090,2011362.125
5091,5242294.5
5092,1433856.0
5093,61435968.0
5094,68895104.0
5095,130610336.0
5096,2251036.25
5097,610808.4375
5098,6769247.0
5099,4410604.0
5100,4536109.5
5101,1130857.875
5102,1906752.625
5103,714952.5625
5104,9754104.0
5105,610808.4375
5106,811875.375
5107,19749472.0
5108,40440672.0
5109,1015483.4375
5110,5071169.0
5111,115335568.0
5112,4311367.0
5113,1632755.75
5114,57864976.0
5115,2661650.75
5116,11439081.0
5117,464384096.0
5118,30339544.0
5119,610808.4375
5120,1072042.75
5121,4350937.0
5122,14536734.0
5123,74445928.0
5124,19975184.0
5125,5978883.0
5126,2511986.0
5127,33850208.0
5128,869882.0625
5129,4286866.0
5130,28163618.0
5131,8808637.0
5132,6940463.0
5133,226022048.0
5134,37429624.0
5135,184396080.0
5136,869882.0625
5137,12773564.0
5138,16396701.0
5139,44672224.0
5140,52577840.0
5141,38749988.0
5142,94605016.0
5143,472133632.0
5144,63519040.0
5145,21397652.0
5146,639312.8125
5147,73286720.0
5148,26121568.0
5149,610808.4375
5150,52082380.0
5151,9426758.0
5152,72893032.0
5153,8635264.0
5154,833500.25
5155,18316002.0
5156,271596064.0
5157,1014574.5
5158,2630802.0
5159,29412040.0
5160,10820744.0
5161,1015453.4375
5162,7605456.0
5163,713273856.0
5164,5605633.5
5165,2830857.5
5166,2711425.5
5167,10313456.0
5168,20387118.0
5169,23825776.0
5170,1317903.75
5171,5972204.0
5172,3655867.0
5173,167885248.0
5174,24093112.0
5175,869882.0625
5176,1504843.625
5177,130306264.0
5178,82134080.0
5179,4753190.0
5180,3750645.5
5181,10268918.0
5182,1858037.5
5183,1988382.25
5184,3631622.25
5185,5551025.0
5186,5370057.5
5187,906387.375
5188,35958732.0
5189,35968060.0
5190,145284816.0
5191,1317903.75
5192,79879184.0
5193,74612672.0
5194,9014621.0
5195,99905472.0
5196,9591916.0
5197,130278432.0
5198,30100914.0
5199,17970648.0
5200,7905474.5
5201,15429357.0
5202,4613417.0
5203,2137338.25
5204,865041.6875
5205,519931.46875
5206,798887.5
5207,3272113.5
5208,4399656.0
5209,47423448.0
5210,30433202.0
5211,1272302.125
5212,12162192.0
5213,10849636.0
5214,610808.4375
5215,11023310.0
5216,41714208.0
5217,7850539.0
5218,2386197.75
5219,1984941.625
5220,15781522.0
5221,1034269.5
5222,6231592.0
5223,21182192.0
5224,1446199.25
5225,118360.359375
5226,21599108.0
5227,24120008.0
5228,2174278.5
5229,36824460.0
5230,36557128.0
5231,2749306.0
5232,1593026.75
5233,4652869.5
5234,124021720.0
5235,107519536.0
5236,229566928.0
5237,33760132.0
5238,1165816.5
5239,5122830.0
5240,59574296.0
5241,4162107.5
5242,3473404.5
5243,8806856.0
5244,121408304.0
5245,2713562.0
5246,70267072.0
5247,91122816.0
5248,1119122.875
5249,36880972.0
5250,382788352.0
5251,10034349.0
5252,610808.4375
5253,2340312.25
5254,680474.875
5255,123530664.0
5256,48348736.0
5257,6769356.5
5258,2547994.0
5259,60715236.0
5260,1399268.25
5261,110955008.0
5262,18796294.0
5263,32527174.0
5264,2321913.75
5265,1185390.125
5266,5820920.5
5267,60817812.0
5268,17342036.0
5269,9644143.0
5270,73489824.0
5271,10978030.0
5272,19713606.0
5273,133708.25
5274,52569620.0
5275,72420056.0
5276,8159945.5
5277,241147.328125
5278,4247157.5
5279,865115.9375
5280,13965395.0
5281,16107862.0
5282,111725032.0
5283,869882.0625
5284,2566572.75
5285,103473528.0
5286,8310751.0
5287,21611348.0
5288,6769247.0
5289,9237220.0
5290,5430762.5
5291,350756192.0
5292,197750016.0
5293,69902408.0
5294,1118033.75
5295,89003128.0
5296,8146680.5
5297,284278656.0
5298,23379788.0
5299,3819033.0
5300,885472.0
5301,1136177.5
5302,12547520.0
5303,2699693.25
5304,7558658.0
5305,1072042.75
5306,14989142.0
5307,113572576.0
5308,726099.9375
5309,1010535.1875
5310,7446058.0
5311,7526828.0
5312,141180352.0
5313,87499344.0
5314,24348768.0
5315,826316.125
5316,1521387.75
5317,27743010.0
5318,8675521.0
5319,1490114.25
5320,83396640.0
5321,17122872.0
5322,3259664.5
5323,88781528.0
5324,32149878.0
5325,2322609.0
5326,19454116.0
5327,20362168.0
5328,2078689.875
5329,1940547.625
5330,81156912.0
5331,2488706.25
5332,11685874.0
5333,23196516.0
5334,16621146.0
5335,8693883.0
5336,2139467.25
5337,3701159.5
5338,19304012.0
5339,1980203.375
5340,76895584.0
5341,299863200.0
5342,54349268.0
5343,35758948.0
5344,40200572.0
5345,1839287.875
5346,23670952.0
5347,2541565.0
5348,293747168.0
5349,1356681.625
5350,2071196.0
5351,78990888.0
5352,1161226.0
5353,12540844.0
5354,22780768.0
5355,29760330.0
5356,12346676.0
5357,1584792.625
5358,2547994.0
5359,15256436.0
5360,251663904.0
5361,11629442.0
5362,12818056.0
5363,10703433.0
5364,1317903.75
5365,48316192.0
5366,56687244.0
5367,240221840.0
5368,1086325.75
5369,281373216.0
5370,38983356.0
5371,66716992.0
5372,35266792.0
5373,5437266.0
5374,131329272.0
5375,11599424.0
5376,18860288.0
5377,10701168.0
5378,940007.3125
5379,1609052.625
5380,38334860.0
5381,16548517.0
5382,14468051.0
5383,1499949.25
5384,204523264.0
5385,3617719.25
5386,1878391.0
5387,747867.5
5388,170495552.0
5389,4220682.0
5390,37566228.0
5391,48268944.0
5392,1319492.0
5393,10908691.0
5394,13001002.0
5395,21422562.0
5396,14061162.0
5397,3513238.75
5398,1031793.75
5399,1909394.875
5400,3360082.25
5401,72383464.0
5402,6263486.0
5403,31910578.0
5404,634145.25
5405,1386460.375
5406,3837623.75
5407,231976352.0
5408,153916544.0
5409,7763504.0
5410,27793908.0
5411,91783392.0
5412,1051465.0
5413,610808.4375
5414,20862942.0
5415,8685579.0
5416,14046044.0
5417,17871724.0
5418,1672379.5
5419,1219402.25
5420,10611594.0
5421,242434000.0
5422,69856952.0
5423,58747304.0
5424,245714112.0
5425,1336422.875
5426,610808.4375
5427,1198199.25
5428,19204380.0
5429,53562104.0
5430,169554784.0
5431,3992857.5
5432,1418257.0
5433,33905392.0
5434,459902720.0
5435,29086350.0
5436,1455948.5
5437,25273262.0
5438,2039977.875
5439,1677209.5
5440,13274326.0
5441,1151598.25
5442,36664108.0
5443,282950080.0
5444,38812492.0
5445,5572682.0
5446,6374638.5
5447,1338710.0
5448,35841572.0
5449,77156504.0
5450,729295.75
5451,1219402.25
5452,610808.4375
5453,209975680.0
5454,128222936.0
5455,4182017.25
5456,20818740.0
5457,43560472.0
5458,2507316.5
5459,9654652.0
5460,2083182.75
5461,118360.359375
5462,1008833.75
5463,214649472.0
5464,2469197.5
5465,3244093.25
5466,3557931.25
5467,5892760.5
5468,159744128.0
5469,1008811.625
5470,156722832.0
5471,25204328.0
5472,93530656.0
5473,2186603.25
5474,110614384.0
5475,43703112.0
5476,3283614.25
5477,6018264.0
5478,33693104.0
5479,2255669.25
5480,570002.5625
5481,1023198.1875
5482,2214126.0
5483,38650412.0
5484,19804584.0
5485,2711513.25
5486,16661997.0
5487,148891072.0
5488,9736873.0
5489,16137938.0
5490,6769247.0
5491,4957372.5
5492,7499893.5
5493,2432272.75
5494,931814.625
5495,4332379.0
5496,34225584.0
5497,13458135.0
5498,1947251.125
5499,35396720.0
5500,31012792.0
5501,2680380.75
5502,911304.4375
5503,21555688.0
5504,2404633.0
5505,1193472.125
5506,54357560.0
5507,3238983.25
5508,60118780.0
5509,18860288.0
5510,13965395.0
5511,4178704.25
5512,10844298.0
5513,2802499.5
5514,18057060.0
5515,1579966.5
5516,5880174.5
5517,104482984.0
5518,1055876.375
5519,53249488.0
5520,1072042.75
5521,62755676.0
5522,654296.4375
5523,180658544.0
5524,15969742.0
5525,48977008.0
5526,35481348.0
5527,610808.4375
5528,28954502.0
5529,947698.0
5530,39574224.0
5531,18674510.0
5532,1808935.875
5533,31570466.0
5534,111779392.0
5535,1284412.875
5536,1180918.5
5537,88414152.0
5538,1960998.875
5539,229135600.0
5540,11363318.0
5541,34745800.0
5542,610808.4375
5543,11408446.0
5544,187570528.0
5545,118360.359375
5546,2202490.25
5547,5419044.0
5548,8980402.0
5549,148112720.0
5550,4374928.5
5551,1332217.25
5552,10530841.0
5553,70467056.0
5554,1028805.75
5555,15353353.0
5556,5874284.0
5557,7954609.0
5558,64928684.0
5559,869882.0625
5560,190752.84375
5561,102460536.0
5562,37037964.0
5563,151566.78125
5564,1688690.0
5565,21908342.0
5566,2039135.625
5567,28843270.0
5568,7658639.5
5569,23143838.0
5570,23105376.0
5571,119661080.0
5572,1357733.875
5573,134849168.0
5574,33702036.0
5575,50667496.0
5576,60143668.0
5577,2693197.5
5578,18850938.0
5579,2319649.5
5580,2556081.5
5581,3264580.0
5582,20107676.0
5583,21485088.0
5584,25098020.0
5585,7722609.5
5586,743494.75
5587,21503782.0
5588,45406184.0
5589,206413792.0
5590,869882.0625
5591,4356584.0
5592,13385380.0
5593,5076632.0
5594,1130831.0
5595,21073066.0
5596,484856224.0
5597,1791708.375
5598,11514580.0
5599,4673067.5
5600,2947159.5
5601,26990004.0
5602,9602514.0
5603,294093.5625
5604,23371584.0
5605,303850784.0
5606,69965896.0
5607,20255104.0
5608,4102275.75
5609,1554203.625
5610,16986900.0
5611,8494846.0
5612,371437472.0
5613,6756573.0
5614,9819213.0
5615,9898793.0
5616,1193540.5
5617,47636944.0
5618,10468140.0
5619,19386294.0
5620,654296.4375
5621,3976907.75
5622,24314982.0
5623,5095233.0
5624,168449456.0
5625,1014574.5
5626,2879600.0
5627,17567152.0
5628,18895756.0
5629,130210360.0
5630,2964213.0
5631,26649830.0
5632,48416192.0
5633,1950193.0
5634,1317903.75
5635,163565104.0
5636,8905945.0
5637,26955844.0
5638,147095552.0
5639,8735488.0
5640,610808.4375
5641,42143824.0
5642,3098246.5
5643,2021413.5
5644,200542944.0
5645,19244494.0
5646,10670106.0
5647,6769247.0
5648,214300128.0
5649,14395382.0
5650,18465958.0
5651,36362204.0
5652,1216069.25
5653,81996336.0
5654,65254708.0
5655,93409960.0
5656,145103968.0
5657,32904758.0
5658,65211160.0
5659,2207160.25
5660,254577984.0
5661,11176120.0
5662,99377696.0
5663,1038522.5625
5664,1491105.0
5665,160272400.0
5666,23014728.0
5667,21296878.0
5668,2190381.0
5669,4671160.5
5670,115724496.0
5671,7463326.5
5672,3813151.75
5673,11480348.0
5674,12480306.0
5675,5750685.5
5676,1854633.125
5677,21780016.0
5678,148911520.0
5679,2360819.0
5680,7541917.0
5681,427003616.0
5682,4655826.0
5683,300902528.0
5684,6474351.5
5685,610808.4375
5686,1526746.625
5687,69774392.0
5688,1317903.75
5689,76548768.0
5690,5216809.5
5691,36084116.0
5692,70030120.0
5693,43496624.0
5694,42308768.0
5695,406516.9375
5696,24274992.0
5697,370620.65625
5698,12898942.0
5699,8035422.0
5700,36771256.0
5701,1320406.0
5702,35753220.0
5703,35686792.0
5704,22485494.0
5705,5209963.0
5706,1348390.25
5707,133902648.0
5708,2732298.0
5709,70280344.0
5710,1980027.75
5711,7850539.0
5712,63379628.0
5713,17316320.0
5714,36915104.0
5715,1072042.75
5716,1500213.875
5717,12602950.0
5718,901511.5
5719,42089196.0
5720,8772722.0
5721,69300768.0
5722,1441840.625
5723,6424108.5
5724,2954772.25
5725,922715.125
5726,34021348.0
5727,168111152.0
5728,175177088.0
5729,1494143232.0
5730,610808.4375
5731,1770623.25
5732,18321662.0
5733,1118339.75
5734,35303132.0
5735,1176043.0
5736,64846504.0
5737,5012121.5
5738,28896132.0
5739,24751034.0
5740,5318809.0
5741,16088856.0
5742,94222344.0
5743,17694130.0
5744,1008833.75
5745,18829162.0
5746,10922057.0
5747,1941850.875
5748,60367664.0
5749,23308636.0
5750,148153968.0
5751,58284348.0
5752,12205370.0
5753,474592128.0
5754,10432421.0
5755,167246672.0
5756,37317420.0
5757,3108383.0
5758,628524.25
5759,7414942.0
5760,1488967.875
5761,610808.4375
5762,2520091.5
5763,110846704.0
5764,4523741.0
5765,43632148.0
5766,32088676.0
5767,1807265.0
5768,94698712.0
5769,20471204.0
5770,6091726.0
5771,4418165.0
5772,25793960.0
5773,818949376.0
5774,51103760.0
5775,136745104.0
5776,1304857.25
5777,1667937.25
5778,73377216.0
5779,19872960.0
5780,1176637.625
5781,84679248.0
5782,13150290.0
5783,61758940.0
5784,2117001.5
5785,62088232.0
5786,23791716.0
5787,171301008.0
5788,2046273.375
5789,686113.5
5790,41206448.0
5791,20955266.0
5792,7850539.0
5793,1317903.75
5794,48074704.0
5795,103716168.0
5796,23085378.0
5797,44212788.0
5798,2013548.125
5799,502036544.0
5800,1719239.625
5801,8831524.0
5802,1382139.5
5803,789846.0625
5804,57796148.0
5805,1172152.0
5806,2301786.75
5807,4668381.5
5808,5659796.5
5809,6996398.5
5810,361737.71875
5811,1446793.75
5812,39561924.0
5813,38903580.0
5814,9507274.0
5815,20714608.0
5816,24393486.0
5817,1012479.9375
5818,101221648.0
5819,3655305.5
5820,6591006.0
5821,1931498.75
5822,174865.53125
5823,60401176.0
5824,65140552.0
5825,209671520.0
5826,5777076.0
5827,1735674.375
5828,341558240.0
5829,131062016.0
5830,73378192.0
5831,45015036.0
5832,7092736.5
5833,7871005.0
5834,11301133.0
5835,610808.4375
5836,30710998.0
5837,11696154.0
5838,818177.4375
5839,42695452.0
5840,610808.4375
5841,11782448.0
5842,7815340.5
5843,7541917.0
5844,1894093.25
5845,730186.5
5846,24147582.0
5847,4654019.0
5848,92929440.0
5849,4286866.0
5850,11726690.0
5851,37183280.0
5852,23557496.0
5853,17208424.0
5854,43068664.0
5855,163307296.0
5856,1279120.0
5857,11967900672.0
5858,1253657.25
5859,13410602.0
5860,22848346.0
5861,5706102.0
5862,15872174.0
5863,85368632.0
5864,221860608.0
5865,2630802.0
5866,3027486.0
5867,5593207.0
5868,8899883.0
5869,1014512.5625
5870,741480.875
5871,8779100.0
5872,504523744.0
5873,3906315.25
5874,4784771.5
5875,54266816.0
5876,13977094.0
5877,610808.4375
5878,101430952.0
5879,19628588.0
5880,33523616.0
5881,157802656.0
5882,85571104.0
5883,8013237.0
5884,19811460.0
5885,1401153.75
5886,23933630.0
5887,17113828.0
5888,15335617.0
5889,1305315.25
5890,48096352.0
5891,37901616.0
5892,676379.4375
5893,481323.625
5894,81286416.0
5895,136092528.0
5896,12878537.0
5897,445280.125
5898,40766012.0
5899,9761921.0
5900,6326744.0
5901,434319.8125
5902,238599392.0
5903,5774355.0
5904,3555438.25
5905,65231312.0
5906,107093008.0
5907,187129.703125
5908,30537226.0
5909,1291773.625
5910,3842989.0
5911,9654837.0
5912,143272384.0
5913,70738672.0
5914,27793220.0
5915,10634692.0
5916,62447616.0
5917,33772048.0
5918,142017056.0
5919,31533696.0
5920,14853615.0
5921,7850539.0
5922,7300381.0
5923,2399174.5
5924,27835344.0
5925,356444288.0
5926,869882.0625
5927,772631.625
5928,5599024.5
5929,1848151.5
5930,83026048.0
5931,30519524.0
5932,6298839.5
5933,4615648.0
5934,5957368.5
5935,108869976.0
5936,14682049.0
5937,3995287.5
5938,617213.3125
5939,1878303.25
5940,31287880.0
5941,1187028.125
5942,31060328.0
5943,735192.375
5944,23370112.0
5945,1213247.375
5946,1180918.5
5947,1770623.25
5948,120406064.0
5949,2967550.5
5950,18602662.0
5951,15543699.0
5952,7263893.0
5953,41927344.0
5954,4824488.5
5955,29666138.0
5956,35409952.0
5957,19218266.0
5958,39247912.0
5959,9353256.0
5960,164139824.0
5961,1435655.25
5962,11435482.0
5963,5388731.0
5964,5561055.0
5965,36055980.0
5966,10082792.0
5967,103137776.0
5968,10461493.0
5969,43170564.0
5970,14049206.0
5971,1479681.875
5972,6769247.0
5973,16215877.0
5974,1733214.75
5975,38556312.0
5976,1955838.375
5977,2749911.75
5978,88025792.0
5979,13735724.0
5980,22898868.0
5981,1971065.5
5982,62036144.0
5983,2742382.5
5984,114733936.0
5985,4688928.5
5986,1580542.25
5987,1652303.125
5988,12824537.0
5989,6769247.0
5990,176355824.0
5991,728979.375
5992,109970240.0
5993,13681286.0
5994,1560094.75
5995,13754102.0
5996,46878636.0
5997,87464304.0
5998,47141264.0
5999,1498931.0
6000,2629610.5
6001,2513570.0
6002,35025328.0
6003,42718748.0
6004,10387587.0
6005,2143552.0
6006,921843.5
6007,3181723.0
6008,1627701.375
6009,6904305.0
6010,74864568.0
6011,3392781.25
6012,12963389.0
6013,62180552.0
6014,5513460.0
6015,6214790.0
6016,70170776.0
6017,3446877.0
6018,21470628.0
6019,1752785.875
6020,1343521.625
6021,13760373.0
6022,6769247.0
6023,1931353.25
6024,154184.75
6025,2244812.75
6026,257760224.0
6027,20970180.0
6028,84924464.0
6029,28160772.0
6030,138094688.0
6031,5243209.5
6032,654296.4375
6033,1075665.125
6034,13993152.0
6035,654846528.0
6036,1224976.0
6037,1597236.0
6038,138048.046875
6039,4318226.5
6040,19272154.0
6041,172717008.0
6042,869882.0625
6043,29777590.0
6044,16592734.0
6045,7355737.5
6046,610808.4375
6047,5388885.5
6048,1049037.125
6049,4103465.25
6050,3089018.0
6051,6769247.0
6052,81077848.0
6053,118360.359375
6054,10080408.0
6055,58359544.0
6056,3234356.25
6057,3807603.0
6058,18621370.0
6059,4476063.5
6060,68137928.0
6061,20488196.0
6062,6142579.0
6063,12562486.0
6064,1106707.25
6065,47670120.0
6066,21502264.0
6067,24709524.0
6068,118360.359375
6069,160989632.0
6070,67529440.0
6071,38205440.0
6072,23983624.0
6073,13976187.0
6074,118360.359375
6075,1317903.75
6076,27155036.0
6077,7850374.5
6078,49927560.0
6079,241773664.0
6080,15114283.0
6081,8333362.0
6082,752309.0
6083,33660924.0
6084,19000816.0
6085,8491793.0
6086,809601.4375
6087,18621192.0
6088,2337865.0
6089,10830573.0
6090,171928832.0
6091,1650591.25
6092,6769247.0
6093,15775984.0
6094,11739222.0
6095,7377797.5
6096,4974108.5
6097,29531604.0
6098,25364390.0
6099,15476279.0
6100,33133560.0
6101,149721776.0
6102,23885746.0
6103,71724616.0
6104,152612.984375
6105,38260204.0
6106,610808.4375
6107,118360.359375
6108,29892254.0
6109,880604.5
6110,151339936.0
6111,1008833.75
6112,2180009.0
6113,19917130.0
6114,63369232.0
6115,89640128.0
6116,2119504.5
6117,18799914.0
6118,3653723.25
6119,2522974.75
6120,869882.0625
6121,610808.4375
6122,73069536.0
6123,6769247.0
6124,1130817.0
6125,1515943.5
6126,17135450.0
6127,1771581.0
6128,34308200.0
6129,24272168.0
6130,311759.9375
6131,24897768.0
6132,137480.875
6133,10067687.0
6134,4696241.0
6135,35897536.0
6136,256522320.0
6137,6876889.5
6138,869882.0625
6139,530412064.0
6140,927476.5625
6141,4911861.0
6142,3100460.5
6143,9980027.0
6144,10492267.0
6145,34795940.0
6146,869882.0625
6147,71617168.0
6148,51587848.0
6149,169479760.0
6150,123382312.0
6151,17012514.0
6152,139784880.0
6153,7061029.5
6154,733992.25
6155,996242752.0
6156,3089439.25
6157,9611915.0
6158,37330448.0
6159,23930436.0
6160,3760416.0
6161,9897094.0
6162,6374334.5
6163,1604247.625
6164,1799750.5
6165,5197160.0
6166,2388294.5
6167,17927922.0
6168,2355978.75
6169,7343996.5
6170,2352671.5
6171,9402678.0
6172,1372579.5
6173,10492687.0
6174,18100956.0
6175,32621986.0
6176,1909562.375
6177,73161024.0
6178,1887502.5
6179,114130880.0
6180,2702145.25
6181,9340598.0
6182,18495180.0
6183,21344742.0
6184,1592301056.0
6185,6931612.0
6186,4520855.5
6187,1219402.25
6188,2766470.25
6189,131229608.0
6190,6289332.0
6191,148804.390625
6192,3164314.5
6193,43689528.0
6194,610808.4375
6195,2317303.5
6196,3272447.5
6197,6112845.5
6198,171080608.0
6199,93788616.0
6200,711533.1875
6201,6655141.0
6202,37463408.0
6203,561624064.0
6204,869882.0625
6205,1070596.125
6206,24530752.0
6207,9632764.0
6208,10392958.0
6209,118360.359375
6210,8982029.0
6211,4548711.0
6212,7225782.0
6213,52376456.0
6214,5609227.0
6215,43419288.0
6216,1845168.125
6217,3976395.75
6218,9496889.0
6219,37377400.0
6220,749260.25
6221,2611825.5
6222,1263047.625
6223,26018042.0
6224,610808.4375
6225,56901404.0
6226,1397806.375
6227,4182017.25
6228,1130561.375
6229,6298839.5
6230,2524524.75
6231,2331768.5
6232,1775256.125
6233,115935480.0
6234,11150420.0
6235,40376236.0
6236,1900534.75
6237,12324676.0
6238,12781484.0
6239,171686656.0
6240,129306024.0
6241,11684314.0
6242,754907.125
6243,20651920.0
6244,51651256.0
6245,1317903.75
6246,15277227.0
6247,80891096.0
6248,1990695.125
6249,1342590.375
6250,10723561.0
6251,23542402.0
6252,1882436.75
6253,29561474.0
6254,17605124.0
6255,5308770.0
6256,32793858.0
6257,22924520.0
6258,2364252.5
6259,16773696.0
6260,1468071.625
6261,6766413.0
6262,3850979.75
6263,5179589.5
6264,6376797.0
6265,5321097.0
6266,60396108.0
6267,4010324.25
6268,118360.359375
6269,7081327.5
6270,28972954.0
6271,84698640.0
6272,10292586.0
6273,502713.6875
6274,14634296.0
6275,20819772.0
6276,1137004.625
6277,12585870.0
6278,4293776.5
6279,1165111.75
6280,109186896.0
6281,243194.484375
6282,150868432.0
6283,3059842.0
6284,140665344.0
6285,31817652.0
6286,4808971.0
6287,6630611.0
6288,133142192.0
6289,28229122.0
6290,610808.4375
6291,14565098.0
6292,444195616.0
6293,200380832.0
6294,28815172.0
6295,49554048.0
6296,5502859.5
6297,46745152.0
6298,5127894.0
6299,869882.0625
6300,3857283.25
6301,4872340.0
6302,4150782.5
6303,1519717.25
6304,698133.625
6305,235869568.0
6306,1909833.75
6307,792649.375
6308,6655141.0
6309,989410.75
6310,81687568.0
6311,3875672.0
6312,11413343.0
6313,65570736.0
6314,17551846.0
6315,1332198.25
6316,10675888.0
6317,339740928.0
6318,130586920.0
6319,192764656.0
6320,465784.40625
6321,32493504.0
6322,56687352.0
6323,1381790.25
6324,1931625.875
6325,5114312.0
6326,654296.4375
6327,16577455.0
6328,39194944.0
6329,1915146.75
6330,13752816.0
6331,234994816.0
6332,1287097.0
6333,610808.4375
6334,2072181.875
6335,19482858.0
6336,9761921.0
6337,27932458.0
6338,1014574.5
6339,2109242.75
6340,1072042.75
6341,293471.875
6342,27740154.0
6343,90274976.0
6344,17304236.0
6345,4225869.5
6346,91191144.0
6347,30285890.0
6348,11174841.0
6349,6317326.5
6350,5008318.0
6351,36350764.0
6352,14854805.0
6353,3506982.25
6354,1412462.25
6355,241147.328125
6356,6349937.5
6357,329907.8125
6358,726657.5625
6359,869882.0625
6360,31558364.0
6361,17021700.0
6362,5099900.0
6363,3154449.75
6364,1667525.375
6365,99111168.0
6366,19971832.0
6367,3501014.0
6368,11075935.0
6369,23428176.0
6370,4647202.0
6371,2884099.0
6372,28496798.0
6373,1346751.75
6374,19151668.0
6375,2530143.0
6376,6442164.0
6377,888802.0
6378,7850539.0
6379,106880168.0
6380,8883390.0
6381,202640416.0
6382,22365260.0
6383,9395597.0
6384,40399656.0
6385,10779401.0
6386,80299880.0
6387,546414.5
6388,5093955.5
6389,334960.625
6390,72636832.0
6391,8719366.0
6392,30098962.0
6393,93801680.0
6394,146539408.0
6395,284563.9375
6396,1281760.0
6397,16289408.0
6398,8003698.0
6399,119601.484375
6400,20511696.0
6401,40408132.0
6402,38958976.0
6403,810320.5625
6404,2772970.75
6405,5996310.5
6406,10437954.0
6407,2256951.75
6408,4311914.0
6409,41228144.0
6410,1061887.875
6411,1964195.75
6412,66959976.0
6413,7804987.0
6414,279849984.0
6415,1580542.25
6416,1666301.25
6417,4657713.0
6418,4743083.0
6419,50942312.0
6420,10047641.0
6421,39900284.0
6422,118360.359375
6423,2935227.5
6424,44666176.0
6425,1334745.375
6426,6370815.5
6427,3140330.25
6428,8840802.0
6429,37664592.0
6430,220321824.0
6431,24456938.0
6432,43210680.0
6433,610808.4375
6434,1347147.375
6435,481323.625
6436,41807720.0
6437,760674.125
6438,8094059.0
6439,9511173.0
6440,19246108.0
6441,4775927.0
6442,4560934.5
6443,20238460.0
6444,1906567.25
6445,165340448.0
6446,52200728.0
6447,1602162.125
6448,1737751.25
6449,1528971.625
6450,1321975.875
6451,1735674.375
6452,24075288.0
6453,47343372.0
6454,45328912.0
6455,98851392.0
6456,26063440.0
6457,40205248.0
6458,1977702.75
6459,4332949.5
6460,15531311.0
6461,396656064.0
6462,68188368.0
6463,610808.4375
6464,53651468.0
6465,1218922.0
6466,19351604.0
6467,4106941.75
6468,1389762.0
6469,17858096.0
6470,1229435.0
6471,3714033.5
6472,135725472.0
6473,2235696.5
6474,5307818.0
6475,1681803.25
6476,806849664.0
6477,2099847.75
6478,1866606.875
6479,1726074240.0
6480,1444939.25
6481,31848800.0
6482,1849135.25
6483,544245056.0
6484,22675210.0
6485,72559008.0
6486,610808.4375
6487,4531124.0
6488,19619716.0
6489,2873860.5
6490,202465.640625
6491,3460958.5
6492,752309.0
6493,5073825.0
6494,15813793.0
6495,15122155.0
6496,197384864.0
6497,31170954.0
6498,21636588.0
6499,13148434.0
6500,13730852.0
6501,4993433.5
6502,5784243.0
6503,25408598.0
6504,6769247.0
6505,4555127.0
6506,22646078.0
6507,1100751.625
6508,2826263.5
6509,10306652.0
6510,11639405.0
6511,849681.8125
6512,4372008.5
6513,24144820.0
6514,664945.625
6515,105035064.0
6516,11713903.0
6517,790125.5625
6518,17309418.0
6519,103477472.0
6520,2980930.25
6521,74526624.0
6522,23060338.0
6523,276065216.0
6524,684407.875
6525,8274120.0
6526,8226055.0
6527,2569962.5
6528,1018198.6875
6529,1163502.875
6530,11725952.0
6531,1928688.0
6532,23082296.0
6533,676035.6875
6534,126117824.0
6535,1218095.875
6536,28321398.0
6537,61849592.0
6538,711768.0
6539,111223680.0
6540,15820128.0
6541,12094920.0
6542,759326.75
6543,636890.8125
6544,1474526.125
6545,10477128.0
6546,24040322.0
6547,9256885.0
6548,2825595.0
6549,62136684.0
6550,207384576.0
6551,7299246.0
6552,14587450.0
6553,1203468.375
6554,10291448.0
6555,18373244.0
6556,28618264.0
6557,1856949.75
6558,2125633.75
6559,50735768.0
6560,37854656.0
6561,2158564.0
6562,10052874.0
6563,1880798.375
6564,28106200.0
6565,1938845.75
6566,10136765.0
6567,3904222.25
6568,20754906.0
6569,3556822.0
6570,1181347.625
6571,5574957.0
6572,138048.046875
6573,63088476.0
6574,5576834.0
6575,2151395.75
6576,17483018.0
6577,2937140.0
6578,66533364.0
6579,6741769.0
6580,2739157.0
6581,2534299.25
6582,131412.140625
6583,207737.1875
6584,6769247.0
6585,24036424.0
6586,1019438.5
6587,729921.25
6588,696871.0625
6589,6780353.0
6590,144927792.0
6591,3408338.0
6592,71706696.0
6593,21182920.0
6594,25552454.0
6595,118360.359375
6596,30785186.0
6597,610808.4375
6598,31827362.0
6599,8769569.0
6600,15800647.0
6601,3442846.0
6602,12920409088.0
6603,17513690.0
6604,34018624.0
6605,229589696.0
6606,1770623.25
6607,8456202.0
6608,654296.4375
6609,4286866.0
6610,2401482.0
6611,17306414.0
6612,122493616.0
6613,5402362.0
6614,673587712.0
6615,8034625.0
6616,79486008.0
6617,63964988.0
6618,8233291.0
6619,739518.375
6620,1456305.375
6621,60487416.0
6622,35230484.0
6623,38578676.0
6624,107998016.0
6625,126366800.0
6626,6226091.0
6627,22695762.0
6628,444910.84375
6629,1281322.5
6630,1317903.75
6631,1148618.125
6632,267298.5625
6633,924364.8125
6634,8635379.0
6635,1303746.5
6636,22639902.0
6637,37248872.0
6638,4753190.0
6639,4304485.5
6640,1023375.75
6641,185982736.0
6642,14211398.0
6643,610808.4375
6644,2887390.5
6645,20148448.0
6646,9465314.0
6647,1283886.25
6648,49456696.0
6649,10547948.0
6650,1520674.0
6651,12026736.0
6652,1526746.625
6653,14042615.0
6654,29076312.0
6655,3063716.5
6656,4182017.25
6657,37722324.0
6658,151070.359375
6659,1667792.5
6660,1256812.75
6661,3889527.75
6662,16994612.0
6663,491575648.0
6664,672041.25
6665,1305315.25
6666,1459749.5
6667,47163656.0
6668,35792316.0
6669,24382088.0
6670,39641612.0
6671,21867680.0
6672,10038791.0
6673,60579088.0
6674,88498848.0
6675,16556852.0
6676,1279356.625
6677,1876620.25
6678,12509238.0
6679,520149984.0
6680,14216982.0
6681,190105056.0
6682,36870704.0
6683,217071616.0
6684,712407.6875
6685,1762760.125
6686,12588415.0
6687,12164698.0
6688,486211.65625
6689,1559990.5
6690,334371680.0
6691,2884099.0
6692,281424768.0
6693,23670320.0
6694,46958192.0
6695,52639452.0
6696,236358656.0
6697,19437908.0
6698,19903534.0
6699,9045072.0
6700,84058904.0
6701,73899560.0
6702,37916368.0
6703,4699126.5
6704,683493.375
6705,35232500.0
6706,94062896.0
6707,4182017.25
6708,89500040.0
6709,1674522.875
6710,62584384.0
6711,115330288.0
6712,460826464.0
6713,739606.5625
6714,976676.8125
6715,733536.75
6716,8443905.0
6717,1128363520.0
6718,2473739.5
6719,40003232.0
6720,10896505.0
6721,13767172.0
6722,25191976.0
6723,23768040.0
6724,1984491.125
6725,8434070.0
6726,60351200.0
6727,1925165.25
6728,3862805.0
6729,6769247.0
6730,869882.0625
6731,3078730.5
6732,13384486.0
6733,15861309.0
6734,3829781.25
6735,149704352.0
6736,6732157.5
6737,1770623.25
6738,25883706.0
6739,72524144.0
6740,550882.875
6741,2936115.0
6742,14193031.0
6743,182498944.0
6744,3249725.75
6745,108783.1875
6746,52258608.0
6747,9329185.0
6748,610808.4375
6749,6080472.0
6750,846825.375
6751,105815256.0
6752,248114064.0
6753,1348390.25
6754,68408264.0
6755,3794455.25
6756,475092064.0
6757,1736422.625
6758,13227165.0
6759,93585264.0
6760,1617605.625
6761,21557252.0
6762,1029489.875
6763,23812872.0
6764,8785616.0
6765,58928656.0
6766,118360.359375
6767,27273852.0
6768,78354200.0
6769,19634840.0
6770,4504003.5
6771,13431030.0
6772,5163260.0
6773,11509684.0
6774,68480584.0
6775,182321856.0
6776,10903012.0
6777,2642721.5
6778,5802160.0
6779,5295113.0
6780,21412636.0
6781,6694205.5
6782,113741232.0
6783,690011.9375
6784,9188948.0
6785,25820640.0
6786,1072042.75
6787,3452759.5
6788,6655141.0
6789,1061998.25
6790,1368346.25
6791,113495056.0
6792,257673712.0
6793,33431412.0
6794,1071399.875
6795,9986482.0
6796,354224000.0
6797,20162826.0
6798,1814707.0
6799,742368.1875
6800,17181630.0
6801,20300858.0
6802,17693050.0
6803,61087180.0
6804,6769247.0
6805,51690576.0
6806,869882.0625
6807,2275755.5
6808,3020786.5
6809,5061737.5
6810,24751128.0
6811,14635832.0
6812,1850504.25
6813,16917318.0
6814,1317903.75
6815,3079702.5
6816,4665044.0
6817,140418.71875
6818,628524.25
6819,8255872.5
6820,4432835.0
6821,1849068.25
6822,14125461.0
6823,1317903.75
6824,80659072.0
6825,4215014.0
6826,55539728.0
6827,3451255.0
6828,869882.0625
6829,1829719.75
6830,12139272.0
6831,14072860.0
6832,1561744.0
6833,1909065.25
6834,2144065.25
6835,152991344.0
6836,3862867.75
6837,24876834.0
6838,1008833.75
6839,3410757.25
6840,7722609.5
6841,10091912.0
6842,11233202.0
6843,8444058.0
6844,8450881.0
6845,10001713.0
6846,41749552.0
6847,5106816.0
6848,11301220.0
6849,3485921.75
6850,1455784.625
6851,16684417.0
6852,6811300.0
6853,11959187.0
6854,15828579.0
6855,2067957.25
6856,1233422.0
6857,1289144.875
6858,20261054.0
6859,1454148.75
6860,15147183.0
6861,7173716.0
6862,14744265.0
6863,553718976.0
6864,2868228.5
6865,960753.875
6866,10051359.0
6867,10401783.0
6868,431518144.0
6869,7087854.5
6870,1442804.875
6871,19897536.0
6872,1519717.25
6873,2983006.25
6874,82984408.0
6875,15424472.0
6876,7386062.5
6877,9400795.0
6878,2895914.5
6879,1008833.75
6880,1305315.25
6881,1519385.25
6882,98156800.0
6883,12945821.0
6884,11193613.0
6885,4753190.0
6886,610808.4375
6887,30243116.0
6888,52008328.0
6889,11513944.0
6890,20166440.0
6891,116636584.0
6892,36239032.0
6893,6655756.5
6894,41658076.0
6895,1866555.25
6896,1526746.625
6897,16610814.0
6898,4608804.0
6899,1518617.5
6900,11209466.0
6901,13809777.0
6902,723182.25
6903,43412248.0
6904,144942992.0
6905,45446904.0
6906,71288584.0
6907,16878866.0
6908,3567159.0
6909,844302.1875
6910,27678476.0
6911,5038961.0
6912,9045141.0
6913,174541744.0
6914,9635833.0
6915,5158899.0
6916,1984941.625
6917,634130304.0
6918,14446157.0
6919,5448888.5
6920,152555424.0
6921,235990176.0
6922,9883022.0
6923,17092950.0
6924,1842180.875
6925,3514803.75
6926,26821782.0
6927,2939193.75
6928,7478816.5
6929,17103256.0
6930,43674696.0
6931,1045112.75
6932,6765432.5
6933,6453854.0
6934,17557706.0
6935,10995864.0
6936,6933311.5
6937,52606128.0
6938,9671166.0
6939,5181150.5
6940,3775364.25
6941,65891816.0
6942,9220444.0
6943,8991165.0
6944,185242112.0
6945,1562250.5
6946,14549798.0
6947,118360.359375
6948,2046220.75
6949,24731640.0
6950,312517536.0
6951,1336422.875
6952,2369726.75
6953,30248308.0
6954,4753190.0
6955,18884910.0
6956,16575905.0
6957,3102004.5
6958,714952.5625
6959,700616.125
6960,16886304.0
6961,11092214.0
6962,29657992.0
6963,2382852.5
6964,77429088.0
6965,1468071.625
6966,37097848.0
6967,30349730.0
6968,1394128.0
6969,955641.125
6970,5255404.0
6971,231224512.0
6972,879002.75
6973,2483073.25
6974,216589792.0
6975,243645280.0
6976,727634.625
6977,5593116.5
6978,2490287.5
6979,62123532.0
6980,18338792.0
6981,945724.3125
6982,20117036.0
6983,4049922.75
6984,59118352.0
6985,42604668.0
6986,1546193.75
6987,1317903.75
6988,9167555.0
6989,1382020.875
6990,57666436.0
6991,2175624.75
6992,1180918.5
6993,1742509.125
6994,674833.75
6995,6999568.5
6996,9714464.0
6997,1455784.625
6998,12880970.0
6999,44313336.0
7000,1074150.0
7001,18051308.0
7002,3474299.0
7003,818608.25
7004,4952274.0
7005,6286441.0
7006,456479.1875
7007,43215296.0
7008,33578072.0
7009,1771581.0
7010,3954714.5
7011,2222861.75
7012,2319791.0
7013,645790.5
7014,11107012.0
7015,155288608.0
7016,78365864.0
7017,9564476.0
7018,1163659.375
7019,45432432.0
7020,14517227.0
7021,1645867.75
7022,39508160.0
7023,79278120.0
7024,2294033.25
7025,2666150.0
7026,36320200.0
7027,90108112.0
7028,1018198.6875
7029,107797160.0
7030,2626410.0
7031,51760724.0
7032,13193200.0
7033,49437836.0
7034,3077066.0
7035,41031084.0
7036,11081915.0
7037,75394624.0
7038,23528218.0
7039,18185462.0
7040,4165125.25
7041,63810720.0
7042,3595712.5
7043,726099.9375
7044,10274854.0
7045,1703111.625
7046,12430204.0
7047,80139528.0
7048,2077928.75
7049,2456624.5
7050,138048.046875
7051,19882968.0
7052,28815280.0
7053,1403539.5
7054,238749168.0
7055,60244240.0
7056,48420168.0
7057,1984941.625
7058,37915208.0
7059,15678613.0
7060,1977242.625
7061,4450286.5
7062,14140422.0
7063,8023935.5
7064,48408528.0
7065,2776977.5
7066,2777629.0
7067,2883931.25
7068,53591128.0
7069,4927456.0
7070,241681456.0
7071,116740072.0
7072,648384.25
7073,153384624.0
7074,1559395.5
7075,25153276.0
7076,125006352.0
7077,74479448.0
7078,74446072.0
7079,30998186.0
7080,9758160.0
7081,4238636.0
7082,2997564.5
7083,1638736.75
7084,10241026.0
7085,2706292.25
7086,93269.0625
7087,33589604.0
7088,5032381.5
7089,610808.4375
7090,3608873.5
7091,4182017.25
7092,14634296.0
7093,9360716.0
7094,11008455.0
7095,5798957.0
7096,1484490.25
7097,444482080.0
7098,38004264.0
7099,62421536.0
7100,2158288.25
7101,3406073.25
7102,2704427.0
7103,855704.3125
7104,775681.5625
7105,4379169.5
7106,33932824.0
7107,3781486.5
7108,132606432.0
7109,21901072.0
7110,945172.5
7111,23491582.0
7112,37459336.0
7113,10643926.0
7114,1264996.875
7115,35379508.0
7116,1698480.875
7117,1008833.75
7118,11832355.0
7119,96637040.0
7120,711088.125
7121,17352822.0
7122,3204699.5
7123,2428261.0
7124,257991888.0
7125,18131226.0
7126,62069404.0
7127,43316968.0
7128,1605649.625
7129,12836430.0
7130,1317903.75
7131,1989364.75
7132,26154272.0
7133,126726920.0
7134,19748418.0
7135,15228643.0
7136,28521212.0
7137,6471462.5
7138,879002.75
7139,667857.0
7140,266484192.0
7141,1305272.875
7142,8220565.5
7143,33348810.0
7144,945724.3125
7145,2857280.5
7146,1061887.875
7147,18357236.0
7148,78355696.0
7149,36078336.0
7150,877486.75
7151,12036374.0
7152,7931565.5
7153,28495168.0
7154,10862971.0
7155,4513222.5
7156,16193685.0
7157,299649376.0
7158,1148117.625
7159,1008833.75
7160,1015483.4375
7161,3221458.0
7162,277222368.0
7163,3250181.5
7164,729295.75
7165,55753492.0
7166,1317903.75
7167,617725.625
7168,1667525.375
7169,7882821.5
7170,12814805.0
7171,1614407.75
7172,1541508.75
7173,2035582.0
7174,3335995.0
7175,1347162.75
7176,18288248.0
7177,20464724.0
7178,10737499.0
7179,87956312.0
7180,988132.0625
7181,2504262.5
7182,26969832.0
7183,711727.9375
7184,650334464.0
7185,9707315.0
7186,9340296.0
7187,53128256.0
7188,124154256.0
7189,13306596.0
7190,3238235.75
7191,118360.359375
7192,17300672.0
7193,10908691.0
7194,88770352.0
7195,14674154.0
7196,1763600.875
7197,36457972.0
7198,13413621.0
7199,10847732.0
7200,4443391.0
7201,2941555.0
7202,1979731.375
7203,624112.5625
7204,9168272.0
7205,12892079.0
7206,32504910.0
7207,559269120.0
7208,4384493.0
7209,8360482.5
7210,1317903.75
7211,610808.4375
7212,19426938.0
7213,16511093.0
7214,43805592.0
7215,147170208.0
7216,53833724.0
7217,2572429.25
7218,123661736.0
7219,7905474.5
7220,29790542.0
7221,7227312.0
7222,2743128.0
7223,4673067.5
7224,51548604.0
7225,14080566.0
7226,1008833.75
7227,27507694.0
7228,10307242.0
7229,7052677.5
7230,2203570.25
7231,28709566.0
7232,595728512.0
7233,105212912.0
7234,115791168.0
7235,129701232.0
7236,32111146.0
7237,8163837.5
7238,8561995.0
7239,22757437440.0
7240,61973820.0
7241,58856992.0
7242,130464432.0
7243,752309.0
7244,97321440.0
7245,241147.328125
7246,1389762.0
7247,11580214.0
7248,10510454.0
7249,1260276.625
7250,318321.1875
7251,11237981.0
7252,14833796.0
7253,88271600.0
7254,2498944.75
7255,2331975.25
7256,41337516.0
7257,1327380.375
7258,27068264.0
7259,11165041.0
7260,654296.4375
7261,316564064.0
7262,1045492.5625
7263,27444700.0
7264,31750844.0
7265,1488967.875
7266,32228096.0
7267,1749295.75
7268,9571136.0
7269,32370652.0
7270,93416016.0
7271,1289144.875
7272,5577483.0
7273,1491449.25
7274,1808720.25
7275,892420.25
7276,19793330.0
7277,170177488.0
7278,50665176.0
7279,118435384.0
7280,13105644.0
7281,21629120.0
7282,120495896.0
7283,64971052.0
7284,1252139.75
7285,16511156.0
7286,163355264.0
7287,683493.375
7288,60117060.0
7289,48653920.0
7290,5798088.5
7291,29844002.0
7292,6008985.0
7293,1515194.75
7294,5525124.5
7295,16887980.0
7296,118360.359375
7297,16447726.0
7298,1336537.625
7299,9418797.0
7300,1180841.875
7301,7638056.0
7302,646163.8125
7303,3272113.5
7304,9590232.0
7305,33979972.0
7306,498468032.0
7307,888023.375
7308,2917272.25
7309,19179488.0
7310,5775451.0
7311,11122722.0
7312,19538866.0
7313,92276640.0
7314,3565200.0
7315,4566335.5
7316,3675131.5
7317,4123676.5
7318,147131184.0
7319,3792476.25
7320,35365000.0
7321,1377458.875
7322,118360.359375
7323,34023684.0
7324,2226230.75
7325,2045819008.0
7326,29999864.0
7327,8400476.0
7328,1375294.375
7329,5784243.0
7330,198255712.0
7331,75673976.0
7332,39467184.0
7333,61551616.0
7334,905956.125
7335,9168272.0
7336,6001482.0
7337,19954280.0
7338,6907170.0
7339,60483032.0
7340,4971523.5
7341,118360.359375
7342,40687248.0
7343,610808.4375
7344,1051319.625
7345,34811936.0
7346,4739601.0
7347,1418257.0
7348,1343068.125
7349,153732576.0
7350,13334874.0
7351,29092398.0
7352,284207.84375
7353,29562094.0
7354,738991.0625
7355,4032345.0
7356,12767548.0
7357,19038836.0
7358,19997524.0
7359,271880096.0
7360,5386953.5
7361,610808.4375
7362,41934064.0
7363,11343374.0
7364,901511.5
7365,32575788.0
7366,11692920.0
7367,38569920.0
7368,31807032.0
7369,3402859.0
7370,2812191.25
7371,1476704.5
7372,1255096.25
7373,292855424.0
7374,60130704.0
7375,67799824.0
7376,1238462.125
7377,82505096.0
7378,1208419.5
7379,5111649.5
7380,23277624.0
7381,20575292.0
7382,8603732.0
7383,610808.4375
7384,3102321.0
7385,20463280.0
7386,9553172.0
7387,1564155.75
7388,2168614.75
7389,4070650.5
7390,748716.0
7391,682240.375
7392,610808.4375
7393,186993632.0
7394,118789216.0
7395,12755353.0
7396,14084246.0
7397,1379405.75
7398,1229550.0
